Book Id,Title,Author,Author l-f,Additional Authors,ISBN,ISBN13,My Rating,Publisher,Binding,Number of Pages,Year Published,Original Publication Year,Date Read,Date Added,Bookshelves,Bookshelves with positions,Exclusive Shelf,My Review,Spoiler,Private Notes,Read Count,Owned Copies
239290859,Al final siempre ganan los monstruos,Juarma,"Juarma, Juarma",Beatriz Lobo,"=""8410323281""","=""9788410323285""",0,Blackie Books,Hardcover,280,2025,2018,,2026/01/02,currently-reading,currently-reading (#1),currently-reading,,,,1,0
222305637,Calabobos,Luis   Mario,"Mario, Luis",,"=""8410352095""","=""9788410352094""",5.0,Reservoir Books,Paperback,176,2025,,2025/12/18,2025/07/23,,,read,,,,1,0
208711728,ADIOS A LAS ARMAS,Ernest Hemingway,"Hemingway, Ernest",,"=""6236713324""","=""9786236713327""",0,unknown,Paperback,0,2000,1929,,2025/07/23,to-read,to-read (#26),to-read,,,,0,0
242809091,Un conjuro,Paula Melchor,"Melchor, Paula","Ángelo Néstore, Ángela Segovia, Noa González Sirgado, Martín De Arriba, Laura López Balza","=""8412827597""","=""9788412827590""",0,Letraversal,Paperback,126,2025,,,2026/02/22,to-read,to-read (#59),to-read,,,,0,0
199510018,Olor a hormiga,Júlia Peró,"Peró, Júlia",,"=""8419940062""","=""9788419940063""",0,Reservoir Books,Paperback,240,2024,,,2025/11/19,to-read,to-read (#58),to-read,,,,1,0
239854490,Lengua viva,Polina Panassenko,"Panassenko, Polina",Íñigo Jaúregui Eguía,"=""""","=""9791387922030""",0,Nórdica Libros,Paperback,160,2025,2023,,2025/11/23,to-read,to-read (#49),to-read,,,,0,0
57400360,Materiales para una pesadilla,Juan Mattio,"Mattio, Juan",,"=""9874683821""","=""9789874683823""",0,Aquilina,Paperback,380,2021,2021,,2025/12/30,to-read,to-read (#57),to-read,,,,0,0
123850833,El cielo de la selva,Elaine Vilar Madruga,"Madruga, Elaine Vilar",,"=""8412582020""","=""9788412582024""",0,Lava,Paperback,352,2023,2023,,2025/12/29,to-read,to-read (#56),to-read,,,,0,0
216146570,Un momento de ternura y de piedad,Irene   Cuevas,"Cuevas, Irene",,"=""8419437034""","=""9788419437037""",0,Reservoir Books,Paperback,184,2024,2024,,2025/12/29,to-read,to-read (#55),to-read,,,,0,0
238448115,Comerás flores,Lucía Solla Sobral,"Sobral, Lucía Solla",,"=""8410178745""","=""9788410178748""",0,Libros del Asteroide,Paperback,248,2025,2025,,2025/12/28,to-read,to-read (#54),to-read,,,,0,0
52623709,Ordesa,Manuel Vilas,"Vilas, Manuel",Andrea Rosenberg,"=""0593084047""","=""9780593084045""",0,Riverhead Books,Hardcover,304,2020,2018,,2025/12/27,to-read,to-read (#53),to-read,,,,0,0
321660,Aliens & Anorexia,Chris Kraus,"Kraus, Chris",,"=""1584350016""","=""9781584350019""",0,Semiotext,Paperback,244,2000,2000,,2025/12/21,to-read,to-read (#52),to-read,,,,0,0
456977,Niels Lyhne,Jens Peter Jacobsen,"Jacobsen, Jens Peter",Hanna Astrup Larsen,"=""1598183451""","=""9781598183450""",0,Alan Rodgers Books,Paperback,146,2007,1880,,2025/12/05,to-read,to-read (#51),to-read,,,,0,0
56583259,Tienes que mirar,Anna Starobinets,"Starobinets, Anna","Viktoria Leftérova, Enrique Maldonado","=""""","=""""",0,Impedimenta,Paperback,192,2021,2017,,2025/11/25,to-read,to-read (#50),to-read,,,,0,0
226188767,Teoria del joc,Arià Paco Abenoza,"Abenoza, Arià Paco",,"=""8433947044""","=""9788433947048""",0,Editorial Anagrama,Kindle Edition,280,2025,,2025/12/24,2025/11/25,,,read,,,,1,0
35378382,Actos impuros,Ángelo Néstore,"Néstore, Ángelo",,"=""8490020981""","=""9788490020982""",0,Hiperión,Paperback,62,2017,2017,,2025/11/21,to-read,to-read (#48),to-read,,,,0,0
218041791,"Només terra, només pluja, només fang",Montse Albets Reig,"Reig, Montse Albets",,"=""8419332763""","=""9788419332769""",0,Periscopi,Paperback,208,2024,,,2025/11/19,to-read,to-read (#47),to-read,,,,0,0
10520714,Cumbres borrascosas,Emily Brontë,"Brontë, Emily",,"=""9876780042""","=""9789876780049""",0,Vi-Da GLOBAL,ebook,416,2011,1847,,2025/11/09,to-read,to-read (#46),to-read,,,,0,0
58347017,Los extraños,Jon Bilbao,"Bilbao, Jon",,"=""841755386X""","=""9788417553869""",0,Impedimenta,Paperback,144,2021,2021,,2025/11/08,to-read,to-read (#45),to-read,,,,0,0
220320334,Han cantado bingo,Lana Corujo,"Corujo, Lana",,"=""841035201X""","=""9788410352018""",0,Reservoir Books,Paperback,184,2025,2025,,2025/11/07,to-read,to-read (#44),to-read,,,,0,0
4706180,La buena letra,Rafael Chirbes,"Chirbes, Rafael",,"=""8433968300""","=""9788433968302""",0,Anagrama,Paperback,160,2002,1992,,2025/11/07,to-read,to-read (#43),to-read,,,,0,0
60049,Seda,Alessandro Baricco,"Baricco, Alessandro","Carlos Gumpert, Xavier González Rovira","=""8433908405""","=""9788433908407""",0,Editorial Anagrama,Paperback,128,2013,1996,,2025/11/07,to-read,to-read (#42),to-read,,,,0,0
60752134,Si las cosas fuesen como son,Gabriela Escobar,"Escobar, Gabriela",,"=""9566137087""","=""9789566137085""",0,Ediciones Overol,Paperback,108,2022,,,2025/11/07,to-read,to-read (#41),to-read,,,,0,0
24502446,También esto pasará,Milena Busquets,"Busquets, Milena",,"=""""","=""""",0,Editorial Anagrama,Kindle Edition,124,2015,2015,,2025/11/07,to-read,to-read (#40),to-read,,,,0,0
232241676,El centelleo,Andrea Santiago,"Santiago, Andrea",,"=""8410483165""","=""9788410483163""",0,Plasson e Bartleboom,Paperback,152,2025,2025,,2025/11/07,to-read,to-read (#39),to-read,,,,0,0
205636254,Dorayaki,Durian Sukegawa,"Sukegawa, Durian",Amalia Sato,"=""6319005041""","=""9786319005042""",0,Chai Editora,Paperback,200,2024,2013,,2025/11/07,to-read,to-read (#38),to-read,,,,0,0
56312677,La ternera,Aurora Freijo Corbeira,"Corbeira, Aurora Freijo",,"=""8433999141""","=""9788433999146""",0,Anagrama,Paperback,128,2021,2021,,2025/11/07,to-read,to-read (#37),to-read,,,,0,0
3051050,La vida privada de los árboles,Alejandro Zambra,"Zambra, Alejandro",,"=""8433971549""","=""9788433971548""",0,Anagrama,Paperback,128,2007,2007,,2025/11/07,to-read,to-read (#36),to-read,,,,0,0
228811149,Seismil,Laura C. Vela,"Vela, Laura C.",Sabina Urraca,"=""841290592X""","=""9788412905922""",0,Niños Gratis*,Paperback,168,2025,2025,,2025/11/07,to-read,to-read (#35),to-read,,,,0,0
220841146,Habitada,Cristina Sánchez-Andrade,"Sánchez-Andrade, Cristina",,"=""8433929666""","=""9788433929662""",0,Editorial Anagrama,Paperback,232,2025,,,2025/11/05,to-read,to-read (#34),to-read,,,,0,0
3215023,Claros del bosque,María Zambrano,"Zambrano, María",,"=""8432203394""","=""9788432203398""",0,Seix Barral,Paperback,159,1977,1977,,2025/11/05,to-read,to-read (#33),to-read,,,,0,0
217354373,Mañana será otro día,Keum Suk Gendry-Kim,"Gendry-Kim, Keum Suk",Joo Hasun,"=""8419437905""","=""9788419437907""",0,Reservoir Books,Paperback,232,2025,2023,,2025/10/23,to-read,to-read (#32),to-read,,,,0,0
75519,Métaphysique des tubes,Amélie Nothomb,"Nothomb, Amélie",,"=""""","=""""",0,Le Livre de Poche,Mass Market Paperback,156,2002,2000,,2025/10/21,to-read,to-read (#31),to-read,,,,0,0
205169784,"Estuve aquí y me acordé de nosotros: Una historia sobre turismo, trabajo y clase (Nuevos cuadernos Anagrama, #61)",Anna Pacheco,"Pacheco, Anna",,"=""8433922300""","=""9788433922304""",0,Anagrama,Paperback,141,2024,2024,,2025/10/19,to-read,to-read (#30),to-read,,,,0,0
217273431,Ciencia ficción capitalista: Cómo los multimillonarios nos salvarán del fin del mundo,Michel Nieva,"Nieva, Michel",,"=""8433928996""","=""9788433928993""",0,Editorial Anagrama,Kindle Edition,84,2024,,,2025/10/19,to-read,to-read (#29),to-read,,,,0,0
206801577,El celo,Sabina Urraca,"Urraca, Sabina",,"=""8420476889""","=""9788420476889""",0,Alfaguara,Paperback,312,2024,,,2025/10/18,to-read,to-read (#28),to-read,,,,0,0
123723946,La mala costumbre,Alana S. Portero,"Portero, Alana S.",,"=""8432242187""","=""9788432242182""",0,Seix Barral,Kindle Edition,252,2023,2023,2025/03/30,2024/11/27,,,read,,,,1,0
16008346,Anima,Wajdi Mouawad,"Mouawad, Wajdi",,"=""2330012632""","=""9782330012632""",0,Actes Sud,Paperback,394,2012,2012,2025/06/26,2025/06/19,,,read,,,,1,0
174644249,Buenos días tristeza,Françoise Sagan,"Sagan, Françoise",,"=""8496075354""","=""9788496075351""",0,MDS Books/Mediasat,Library Binding,,2002,1954,,2025/09/12,to-read,to-read (#27),to-read,,,,0,0
223218944,Explica-m'ho tot,Elizabeth Strout,"Strout, Elizabeth",Núria Busquet Molist,"=""8418858974""","=""9788418858970""",0,Edicions de 1984,Paperback,384,2025,2024,,2025/07/23,to-read,to-read (#25),to-read,,,,0,0
51816145,Las lealtades,Delphine de Vigan,"Vigan, Delphine de",Javier Albiñana,"=""8433980491""","=""9788433980496""",4.0,Anagrama,Paperback,200,2019,2018,2025/08/26,2025/07/23,,,read,,,,1,0
49236083,Boulder,Eva Baltasar,"Baltasar, Eva",Nicole d'Amonville Alegría,"=""8439736967""","=""9788439736967""",4.0,Literatura Random House,Paperback,128,2020,2020,2025/10/27,2025/07/23,,,read,,,,1,0
56591408,Las gratitudes,Delphine de Vigan,"Vigan, Delphine de",Pablo Martín Sánchez,"=""8433980831""","=""9788433980830""",5.0,Anagrama,Paperback,176,2021,2019,2025/12/01,2025/03/23,,,read,,,,1,0
1462280,La campana de cristal,Sylvia Plath,"Plath, Sylvia",Elena Rius,"=""8435015734""","=""9788435015738""",0,Edhasa,Paperback,384,1989,1963,,2025/06/29,to-read,to-read (#24),to-read,,,,0,0
28787166,Las cosas que perdimos en el fuego,Mariana Enriquez,"Enriquez, Mariana",,"=""8433998064""","=""9788433998064""",4.0,Editorial Anagrama,Paperback,200,2016,2016,2025/06/19,2025/02/24,,,read,,,,1,0
17263931,La azotea,Fernanda Trías,"Trías, Fernanda",,"=""9974322685""","=""9789974322684""",4.0,Trilce Ediciones,Paperback,112,2000,2000,2025/03/01,2025/06/20,,,read,,,,1,0
231243735,"Urraca, Urraquita, Urraquitita",Jaime Riba Arango,"Arango, Jaime Riba",,"=""8412965035""","=""9788412965032""",0,Dos Bigotes,Paperback,232,2025,2025,,2025/05/14,to-read,to-read (#23),to-read,,,,0,0
53412888,Panza de burro,Andrea Abreu López,"López, Andrea Abreu",Sabina Urraca,"=""""","=""""",4.0,Editorial Barrett,Paperback,172,2020,2020,2025/10/01,2024/11/27,,,read,,,,1,0
59708299,Els dies bons,Aina Fullana Llull,"Llull, Aina Fullana",,"=""8413582113""","=""9788413582115""",5.0,Editorial Bromera,Paperback,256,2021,,2025/04/28,2025/04/08,,,read,,,,1,0
50272339,Poeta chileno,Alejandro Zambra,"Zambra, Alejandro",,"=""8433998935""","=""9788433998934""",0,Anagrama,Paperback,421,2020,2020,,2025/04/26,to-read,to-read (#22),to-read,,,,0,0
29653853,El cuarto de Giovanni,James Baldwin,"Baldwin, James",,"=""""","=""""",0,,Unknown Binding,,,1956,,2025/04/21,to-read,to-read (#21),to-read,,,,0,0
123452204,Libre: El desafío de crecer en el fin de la historia,Lea Ypi,"Ypi, Lea",Cecilia Ceriani,"=""8433918613""","=""9788433918611""",0,Anagrama,Kindle Edition,328,2023,2021,,2025/04/14,to-read,to-read (#20),to-read,,,,0,0
224291950,Oposición,Sara Mesa,"Mesa, Sara",,"=""8433946919""","=""9788433946911""",0,Editorial Anagrama,Kindle Edition,206,2025,2025,,2025/04/14,to-read,to-read (#19),to-read,,,,0,0
56459557,El Power Ranger rosa,Christo Casas,"Casas, Christo",,"=""8494933353""","=""9788494933356""",0,niños gratis,Paperback,128,2020,2020,,2025/03/23,to-read,to-read (#18),to-read,,,,0,0
31578185,Pura pasión,Annie Ernaux,"Ernaux, Annie",,"=""8483105977""","=""9788483105979""",0,Tusquets,Paperback,88,1998,1991,,2025/03/23,to-read,to-read (#17),to-read,,,,0,0
43422674,24 horas en la vida de una mujer,Stefan Zweig,"Zweig, Stefan",Nuria Marin,"=""1982649585""","=""9781982649586""",0,Audiomol,Audio CD,2,2019,1925,,2025/03/23,to-read,to-read (#16),to-read,,,,0,0
1628287,Noches blancas,Fyodor Dostoevsky,"Dostoevsky, Fyodor",,"=""9580471509""","=""9789580471509""",0,Eneida,Paperback,84,2013,1848,,2025/03/04,to-read,to-read (#15),to-read,,,,0,0
17558411,Bajar es lo peor,Mariana Enriquez,"Enriquez, Mariana",,"=""9508520892""","=""9789508520890""",0,Editorial Espasa-Calpe,Paperback,273,1995,1995,,2025/02/28,to-read,to-read (#14),to-read,,,,0,0
59520392,Carcoma,Layla Martínez,"Martínez, Layla",,"=""8412434919""","=""9788412434910""",4.0,Editorial Amor de Madre,Paperback,144,2021,2021,2025/12/01,2025/01/14,,,read,,,,1,0
174736754,La clase de griego,Han Kang,"Kang, Han",Sunme Yoon,"=""8439741820""","=""9788439741824""",4.0,Random House,Kindle Edition,128,2023,2011,2025/01/24,2025/02/28,,,read,,,,2,0
60293672,El peligro de estar cuerda,Rosa Montero,"Montero, Rosa",,"=""8432240648""","=""9788432240645""",0,Seix Barral,Paperback,360,2022,2022,,2025/02/25,to-read,to-read (#13),to-read,,,,0,0
38787,Pedro Páramo,Juan Rulfo,"Rulfo, Juan","Susan Sontag, Margaret Sayers Peden","=""0802133908""","=""9780802133908""",0,Grove Press,Paperback,128,1994,1955,,2025/02/24,to-read,to-read (#12),to-read,,,,0,0
55703895,Anhelo de raíces,May Sarton,"Sarton, May",Mercedes Fernández Cuesta,"=""8416529841""","=""9788416529841""",0,Gallo Nero Ediciones,Hardcover,200,2020,1968,,2025/02/24,to-read,to-read (#11),to-read,,,,0,0
45732,Carta de una desconocida,Stefan Zweig,"Zweig, Stefan",Berta Conill Purgimon,"=""8495359472""","=""9788495359476""",0,Acantilado,Paperback,72,2002,1922,,2025/02/24,to-read,to-read (#10),to-read,,,,0,0
56919,La tregua,Mario Benedetti,"Benedetti, Mario",,"=""9707311169""","=""9789707311169""",0,Punto de Lectura,Paperback,215,2006,1960,,2025/02/24,to-read,to-read (#9),to-read,,,,0,0
48758708,Nuestra parte de noche,Mariana Enriquez,"Enriquez, Mariana",,"=""8433998854""","=""9788433998859""",0,Anagrama,Paperback,672,2021,2019,,2025/02/24,to-read,to-read (#8),to-read,,,,0,0
52201854,Las madres no,Katixa Agirre,"Agirre, Katixa",,"=""849490955X""","=""9788494909559""",0,Tránsito,Paperback,208,2019,2018,,2025/02/24,to-read,to-read (#7),to-read,,,,0,0
6404125,La soledad de los números primos,Paolo Giordano,"Giordano, Paolo",,"=""""","=""9788498382051""",0,Salamandra,Paperback,288,2009,2008,,2025/02/24,to-read,to-read (#6),to-read,,,,0,0
119605,Novela de ajedrez,Stefan Zweig,"Zweig, Stefan",Manuel Lobo Serra,"=""8495359456""","=""9788495359452""",0,Acantilado,Paperback,96,2006,1942,,2025/02/24,to-read,to-read (#5),to-read,,,,0,0
122758113,Pearl,Siân Hughes,"Hughes, Siân",,"=""1911648527""","=""9781911648529""",0,The Indigo Press,Paperback,220,2023,2023,,2025/02/24,to-read,to-read (#4),to-read,,,,0,0
123136728,Orbital,Samantha Harvey,"Harvey, Samantha",,"=""0802161545""","=""9780802161543""",0,Atlantic Monthly Press,Hardcover,224,2023,2023,,2025/02/24,to-read,to-read (#3),to-read,,,,0,0
44289602,El verano en que mi madre tuvo los ojos verdes,Tatiana Țîbuleac,"Țîbuleac, Tatiana",Marian Ochoa de Eribe,"=""""","=""""",5.0,Impedimenta,Paperback,256,2019,2017,2025/01/13,2024/11/27,,,read,,,,1,0
49360952,En la Tierra somos fugazmente grandiosos,Ocean Vuong,"Vuong, Ocean",Jesús Zulaika,"=""8433980599""","=""9788433980595""",0,Anagrama,Paperback,263,2020,2019,,2025/01/08,to-read,to-read (#2),to-read,,,,0,0
181334764,Te di ojos y miraste las tinieblas,Irene Solà,"Solà, Irene",,"=""8433906283""","=""9788433906281""",0,Anagrama,Paperback,176,2024,2023,,2024/11/27,to-read,to-read (#1),to-read,,,,0,0
45286062,Canto jo i la muntanya balla,Irene Solà,"Solà, Irene",,"=""8433915681""","=""9788433915689""",5.0,Anagrama ,Paperback,192,2019,2019,2024/11/27,2024/11/24,,,read,,,,1,0
882088,Un viejo que leía novelas de amor,Luis Sepúlveda,"Sepúlveda, Luis",,"=""8472236552""","=""9788472236554""",4.0,Tusquets,Paperback,144,1993,1988,,2024/11/11,,,read,,,,1,0
53447,El túnel,Ernesto Sabato,"Sabato, Ernesto",Nino Pipia,"=""9871144261""","=""9789871144266""",4.0,Booket,Paperback,158,2003,1948,,2024/11/11,,,read,,,,1,0
16102617,La casa de los espíritus,Isabel Allende,"Allende, Isabel",,"=""""","=""""",5.0,Plaza & Janés/Literaria,Hardcover,380,1982,1982,,2024/09/12,,,read,,,,1,0
